p,propLabel,eff
http://www.wikidata.org/prop/direct/P106,occupation,3604
http://www.wikidata.org/prop/direct/P735,given name,1088
http://www.wikidata.org/prop/direct/P569,date of birth,1070
http://www.wikidata.org/prop/direct/P27,country of citizenship,1069
http://www.wikidata.org/prop/direct/P31,instance of,1045
http://www.wikidata.org/prop/direct/P21,sex or gender,1037
http://www.wikidata.org/prop/direct/P69,educated at,1007
http://www.wikidata.org/prop/direct/P166,award received,864
http://www.wikidata.org/prop/direct/P19,place of birth,827
http://www.wikidata.org/prop/direct/P734,family name,810
http://www.wikidata.org/prop/direct/P214,VIAF cluster ID,749
http://www.wikidata.org/prop/direct/P570,date of death,736
http://www.wikidata.org/prop/direct/P1412,"languages spoken, written or signed",734
http://www.wikidata.org/prop/direct/P646,Freebase ID,661
http://www.wikidata.org/prop/direct/P213,ISNI,619
http://www.wikidata.org/prop/direct/P244,Library of Congress authority ID,619
http://www.wikidata.org/prop/direct/P10832,WorldCat Entities ID,596
http://www.wikidata.org/prop/direct/P18,image,594
http://www.wikidata.org/prop/direct/P20,place of death,504
http://www.wikidata.org/prop/direct/P227,GND ID,503
http://www.wikidata.org/prop/direct/P373,Commons category,499
http://www.wikidata.org/prop/direct/P1343,described by source,484
http://www.wikidata.org/prop/direct/P2163,FAST ID,422
http://www.wikidata.org/prop/direct/P101,field of work,413
http://www.wikidata.org/prop/direct/P269,IdRef ID,404
http://www.wikidata.org/prop/direct/P8189,J9U ID,399
http://www.wikidata.org/prop/direct/P1006,Nationale Thesaurus voor Auteursnamen ID,381
http://www.wikidata.org/prop/direct/P108,employer,361
http://www.wikidata.org/prop/direct/P39,position held,351
http://www.wikidata.org/prop/direct/P463,member of,334
http://www.wikidata.org/prop/direct/P3430,SNAC ARK ID,311
http://www.wikidata.org/prop/direct/P268,Bibliothèque nationale de France ID,301
http://www.wikidata.org/prop/direct/P1207,NUKAT ID,295
http://www.wikidata.org/prop/direct/P3368,Prabook ID,277
http://www.wikidata.org/prop/direct/P102,member of political party,276
http://www.wikidata.org/prop/direct/P648,Open Library ID,262
http://www.wikidata.org/prop/direct/P2671,Google Knowledge Graph ID,256
http://www.wikidata.org/prop/direct/P1559,name in native language,234
http://www.wikidata.org/prop/direct/P40,child,229
http://www.wikidata.org/prop/direct/P691,NL CR AUT ID,223
http://www.wikidata.org/prop/direct/P140,religion or worldview,216
http://www.wikidata.org/prop/direct/P26,spouse,215
http://www.wikidata.org/prop/direct/P13049,DDB person (GND) ID,204
http://www.wikidata.org/prop/direct/P7293,National Library of Poland MMS ID,203
http://www.wikidata.org/prop/direct/P2949,WikiTree person ID,199
http://www.wikidata.org/prop/direct/P2600,Geni.com profile ID,192
http://www.wikidata.org/prop/direct/P271,NACSIS-CAT author ID,191
http://www.wikidata.org/prop/direct/P11496,CiNii Research ID,190
http://www.wikidata.org/prop/direct/P1015,NORAF ID,184
http://www.wikidata.org/prop/direct/P1315,NLA Trove people ID,179
http://www.wikidata.org/prop/direct/P551,residence,169
http://www.wikidata.org/prop/direct/P5008,on focus list of Wikimedia project,167
http://www.wikidata.org/prop/direct/P7902,Deutsche Biographie (GND) ID,162
http://www.wikidata.org/prop/direct/P119,place of burial,158
http://www.wikidata.org/prop/direct/P349,NDL Authority ID,158
http://www.wikidata.org/prop/direct/P1477,birth name,158
http://www.wikidata.org/prop/direct/P937,work location,156
http://www.wikidata.org/prop/direct/P345,IMDb ID,153
http://www.wikidata.org/prop/direct/P3065,RERO ID (legacy),149
http://www.wikidata.org/prop/direct/P12458,Parsifal cluster ID,148
http://www.wikidata.org/prop/direct/P509,cause of death,147
http://www.wikidata.org/prop/direct/P535,Find a Grave memorial ID,145
http://www.wikidata.org/prop/direct/P409,Libraries Australia ID,143
http://www.wikidata.org/prop/direct/P10553,IxTheo authority ID,140
http://www.wikidata.org/prop/direct/P800,notable work,138
http://www.wikidata.org/prop/direct/P3373,sibling,138
http://www.wikidata.org/prop/direct/P8179,Canadiana Name Authority ID,135
http://www.wikidata.org/prop/direct/P22,father,133
http://www.wikidata.org/prop/direct/P8445,Our Campaigns candidate ID,133
http://www.wikidata.org/prop/direct/P9964,Kalliope-Verbund (GND) ID,133
http://www.wikidata.org/prop/direct/P1196,manner of death,128
http://www.wikidata.org/prop/direct/P11249,KBR person ID,128
http://www.wikidata.org/prop/direct/P1417,Encyclopædia Britannica Online ID,127
http://www.wikidata.org/prop/direct/P3987,SHARE Catalogue author ID,127
http://www.wikidata.org/prop/direct/P950,National Library of Spain SpMaBN ID (BNE v1.0),122
http://www.wikidata.org/prop/direct/P737,influenced by,119
http://www.wikidata.org/prop/direct/P485,archives at,117
http://www.wikidata.org/prop/direct/P6886,writing language,116
http://www.wikidata.org/prop/direct/P949,National Library of Israel ID (old),115
http://www.wikidata.org/prop/direct/P1263,Notable Names Database ID,115
http://www.wikidata.org/prop/direct/P396,SBN author ID,112
http://www.wikidata.org/prop/direct/P856,official website,110
http://www.wikidata.org/prop/direct/P434,MusicBrainz artist ID,109
http://www.wikidata.org/prop/direct/P5034,National Library of Korea ID,106
http://www.wikidata.org/prop/direct/P973,described at URL,104
http://www.wikidata.org/prop/direct/P103,native language,99
http://www.wikidata.org/prop/direct/P1411,nominated for,99
http://www.wikidata.org/prop/direct/P136,genre,97
http://www.wikidata.org/prop/direct/P2963,Goodreads author ID,97
http://www.wikidata.org/prop/direct/P1280,CONOR.SI ID,96
http://www.wikidata.org/prop/direct/P5587,Libris-URI,96
http://www.wikidata.org/prop/direct/P6640,JRC Names ID,95
http://www.wikidata.org/prop/direct/P906,SELIBR ID,93
http://www.wikidata.org/prop/direct/P1695,NLP ID (old),92
http://www.wikidata.org/prop/direct/P7699,National Library of Lithuania ID,91
http://www.wikidata.org/prop/direct/P9984,CANTIC ID,90
http://www.wikidata.org/prop/direct/P4823,American National Biography ID,89
http://www.wikidata.org/prop/direct/P1889,different from,85
http://www.wikidata.org/prop/direct/P12582,Oxford Reference overview ID,85
http://www.wikidata.org/prop/direct/P1953,Discogs artist ID,83
http://www.wikidata.org/prop/direct/P9918,Kallías ID,83
http://www.wikidata.org/prop/direct/P1368,National Library of Latvia ID,82
http://www.wikidata.org/prop/direct/P2002,X (Twitter) username,82
http://www.wikidata.org/prop/direct/P12098,Kinobox person ID,81
http://www.wikidata.org/prop/direct/P7704,Europeana entity,80
http://www.wikidata.org/prop/direct/P11686,University of Barcelona authority ID,80
http://www.wikidata.org/prop/direct/P1741,GTAA ID,79
http://www.wikidata.org/prop/direct/P3602,candidacy in election,79
http://www.wikidata.org/prop/direct/P4342,Store norske leksikon (Great Norwegian Encyclopedia) ID,79
http://www.wikidata.org/prop/direct/P7400,LibraryThing author ID,79
http://www.wikidata.org/prop/direct/P3222,NE.se ID,78
http://www.wikidata.org/prop/direct/P25,mother,77
http://www.wikidata.org/prop/direct/P1038,relative,76
http://www.wikidata.org/prop/direct/P1344,participant in,75
http://www.wikidata.org/prop/direct/P1284,Munzinger person ID,74
http://www.wikidata.org/prop/direct/P3630,Babelio author ID,74
http://www.wikidata.org/prop/direct/P4985,TMDB person ID,74
http://www.wikidata.org/prop/direct/P607,participated in conflict,71
http://www.wikidata.org/prop/direct/P3417,Quora topic ID,71
http://www.wikidata.org/prop/direct/P6379,has works in the collection,70
http://www.wikidata.org/prop/direct/P910,topic's main category,69
http://www.wikidata.org/prop/direct/P5019,Brockhaus Enzyklopädie online ID,68
http://www.wikidata.org/prop/direct/P8687,social media followers,67
http://www.wikidata.org/prop/direct/P1580,University of Barcelona authority ID (former scheme),66
http://www.wikidata.org/prop/direct/P2013,Facebook username,66
http://www.wikidata.org/prop/direct/P8313,Lex ID,66
http://www.wikidata.org/prop/direct/P8902,Archives at Yale agent ID,66
http://www.wikidata.org/prop/direct/P1303,instrument,64
http://www.wikidata.org/prop/direct/P2190,C-SPAN person string ID (deprecated),64
http://www.wikidata.org/prop/direct/P793,significant event,63
http://www.wikidata.org/prop/direct/P1273,CANTIC ID (former scheme),63
http://www.wikidata.org/prop/direct/P3348,National Library of Greece ID,63
http://www.wikidata.org/prop/direct/P5361,BNB person ID,63
http://www.wikidata.org/prop/direct/P10660,C-SPAN person numeric ID,63
http://www.wikidata.org/prop/direct/P135,movement,61
http://www.wikidata.org/prop/direct/P1005,Portuguese National Library author ID,61
http://www.wikidata.org/prop/direct/P8034,Vatican Library VcBA ID,61
http://www.wikidata.org/prop/direct/P10227,National Library of Ireland ID,61
http://www.wikidata.org/prop/direct/P109,signature,60
http://www.wikidata.org/prop/direct/P1142,political ideology,60
http://www.wikidata.org/prop/direct/P1375,NSK ID,60
http://www.wikidata.org/prop/direct/P3762,openMLOL author ID,59
http://www.wikidata.org/prop/direct/P4629,Online Books Page author ID,59
http://www.wikidata.org/prop/direct/P2031,work period (start),58
http://www.wikidata.org/prop/direct/P10387,Databazeknih.cz author ID,56
http://www.wikidata.org/prop/direct/P13183,JudaicaLink person (GND) ID,56
http://www.wikidata.org/prop/direct/P512,academic degree,55
http://www.wikidata.org/prop/direct/P10302,Film.ru person ID,55
http://www.wikidata.org/prop/direct/P11182,UOM ID,55
http://www.wikidata.org/prop/direct/P1415,Oxford Dictionary of National Biography ID,54
http://www.wikidata.org/prop/direct/P3029,UK National Archives ID,54
http://www.wikidata.org/prop/direct/P264,record label,52
http://www.wikidata.org/prop/direct/P3365,Treccani ID,52
http://www.wikidata.org/prop/direct/P7305,Online PWN Encyclopedia ID,52
http://www.wikidata.org/prop/direct/P7763,copyright status as a creator,52
http://www.wikidata.org/prop/direct/P241,military branch,51
http://www.wikidata.org/prop/direct/P1296,Gran Enciclopèdia Catalana ID (former scheme),51
http://www.wikidata.org/prop/direct/P1971,number of children,51
http://www.wikidata.org/prop/direct/P3847,Open Library subject ID,51
http://www.wikidata.org/prop/direct/P6722,FemBio ID,51
http://www.wikidata.org/prop/direct/P12385,Gran Enciclopèdia Catalana ID,51
http://www.wikidata.org/prop/direct/P935,Commons gallery,50
http://www.wikidata.org/prop/direct/P5731,Angelicum ID,50
http://www.wikidata.org/prop/direct/P4619,National Library of Brazil ID,49
http://www.wikidata.org/prop/direct/P8462,Political Graveyard politician ID,49
http://www.wikidata.org/prop/direct/P1617,BBC Things ID,48
http://www.wikidata.org/prop/direct/P2734,Unz Review author ID,48
http://www.wikidata.org/prop/direct/P1225,U.S. National Archives Identifier,47
http://www.wikidata.org/prop/direct/P3342,significant person,47
http://www.wikidata.org/prop/direct/P4293,PM20 folder ID,47
http://www.wikidata.org/prop/direct/P1442,image of grave,46
http://www.wikidata.org/prop/direct/P6683,Alexander Turnbull Library ID,45
http://www.wikidata.org/prop/direct/P7982,Hrvatska enciklopedija ID,45
http://www.wikidata.org/prop/direct/P2605,ČSFD person ID,44
http://www.wikidata.org/prop/direct/P3280,BAnQ authority ID,43
http://www.wikidata.org/prop/direct/P4862,Amazon author ID,43
http://www.wikidata.org/prop/direct/P1816,National Portrait Gallery (London) person ID,42
http://www.wikidata.org/prop/direct/P4104,Carnegie Hall agent ID,42
http://www.wikidata.org/prop/direct/P10632,OpenSanctions ID,42
http://www.wikidata.org/prop/direct/P742,pseudonym,41
http://www.wikidata.org/prop/direct/P3219,Encyclopædia Universalis ID,40
http://www.wikidata.org/prop/direct/P3360,Nobel Prize People Nomination ID,40
http://www.wikidata.org/prop/direct/P5617,Evene ID,40
http://www.wikidata.org/prop/direct/P5739,Pontificia Università della Santa Croce ID,40
http://www.wikidata.org/prop/direct/P6394,ELNET ID,40
http://www.wikidata.org/prop/direct/P185,doctoral student,38
http://www.wikidata.org/prop/direct/P866,Perlentaucher ID,38
http://www.wikidata.org/prop/direct/P1938,Project Gutenberg author ID,38
http://www.wikidata.org/prop/direct/P2607,BookBrainz author ID,38
http://www.wikidata.org/prop/direct/P2889,FamilySearch person ID,38
http://www.wikidata.org/prop/direct/P1472,Commons Creator page,37
http://www.wikidata.org/prop/direct/P6104,maintained by WikiProject,37
http://www.wikidata.org/prop/direct/P10297,Google Arts & Culture entity ID,37
http://www.wikidata.org/prop/direct/P1017,Vatican Library ID (former scheme),36
http://www.wikidata.org/prop/direct/P10242,Lur Encyclopedic Dictionary ID,36
http://www.wikidata.org/prop/direct/P10608,FID performing arts ID,36
http://www.wikidata.org/prop/direct/P3846,DBC author ID,35
http://www.wikidata.org/prop/direct/P5882,Muziekweb performer ID,35
http://www.wikidata.org/prop/direct/P12854,Plex person key,35
http://www.wikidata.org/prop/direct/P7369,National Library of Chile ID,34
http://www.wikidata.org/prop/direct/P4666,CineMagia person ID,33
http://www.wikidata.org/prop/direct/P8168,FactGrid item ID,33
http://www.wikidata.org/prop/direct/P1819,genealogics.org person ID,32
http://www.wikidata.org/prop/direct/P2003,Instagram username,32
http://www.wikidata.org/prop/direct/P7578,DUC ID,32
http://www.wikidata.org/prop/direct/P3478,Songkick artist ID,31
http://www.wikidata.org/prop/direct/P5421,Trading Card Database person ID,31
http://www.wikidata.org/prop/direct/P8094,GeneaStar person ID,31
http://www.wikidata.org/prop/direct/P8349,Proleksis enciklopedija ID,31
http://www.wikidata.org/prop/direct/P8849,CONOR.BG ID,31
http://www.wikidata.org/prop/direct/P245,Union List of Artist Names ID,30
http://www.wikidata.org/prop/direct/P1416,affiliation,30
http://www.wikidata.org/prop/direct/P7666,Visuotinė lietuvių enciklopedija ID,30
http://www.wikidata.org/prop/direct/P8851,CONOR.SR ID,30
http://www.wikidata.org/prop/direct/P12749,SNARC ID,30
http://www.wikidata.org/prop/direct/P1185,Rodovid ID,29
http://www.wikidata.org/prop/direct/P1233,Internet Speculative Fiction Database author ID,29
http://www.wikidata.org/prop/direct/P451,unmarried partner,27
http://www.wikidata.org/prop/direct/P2850,Apple Music artist ID (U.S. version),27
http://www.wikidata.org/prop/direct/P5905,Comic Vine ID,27
http://www.wikidata.org/prop/direct/P7029,National Library of Russia ID,27
http://www.wikidata.org/prop/direct/P10069,Tabakalera ID,27
http://www.wikidata.org/prop/direct/P10565,Encyclopedia of China (Third Edition) ID,27
http://www.wikidata.org/prop/direct/P11870,The Literary Encyclopedia person ID,27
http://www.wikidata.org/prop/direct/P12597,museum-digital person ID,27
http://www.wikidata.org/prop/direct/P2604,Kinopoisk person ID,26
http://www.wikidata.org/prop/direct/P2924,Great Russian Encyclopedia Online ID (old version),26
http://www.wikidata.org/prop/direct/P3154,Runeberg author ID,26
http://www.wikidata.org/prop/direct/P9037,BHCL UUID,26
http://www.wikidata.org/prop/direct/P1266,AlloCiné person ID,25
http://www.wikidata.org/prop/direct/P1728,AllMusic artist ID,25
http://www.wikidata.org/prop/direct/P2019,AllMovie person ID,25
http://www.wikidata.org/prop/direct/P2397,YouTube channel ID,25
http://www.wikidata.org/prop/direct/P5063,Interlingual Index ID,25
http://www.wikidata.org/prop/direct/P9371,FranceArchives agent ID,25
http://www.wikidata.org/prop/direct/P13613,Enciclopedia Galega Universal ID,25
http://www.wikidata.org/prop/direct/P1309,EGAXA ID,24
http://www.wikidata.org/prop/direct/P7865,CoBiS author ID,24
http://www.wikidata.org/prop/direct/P9171,RILM ID,24
http://www.wikidata.org/prop/direct/P9743,Podchaser creator ID,24
http://www.wikidata.org/prop/direct/P9995,MYmovies person ID,24
http://www.wikidata.org/prop/direct/P13166,PUG authority ID,24
http://www.wikidata.org/prop/direct/P184,doctoral advisor,23
http://www.wikidata.org/prop/direct/P701,Dodis ID,23
http://www.wikidata.org/prop/direct/P1248,KulturNav-ID,23
http://www.wikidata.org/prop/direct/P2966,National Library of Wales Authority ID,23
http://www.wikidata.org/prop/direct/P4638,The Peerage person ID,23
http://www.wikidata.org/prop/direct/P4839,Wolfram Language entity code,23
http://www.wikidata.org/prop/direct/P8814,WordNet 3.1 Synset ID,23
http://www.wikidata.org/prop/direct/P172,ethnic group,22
http://www.wikidata.org/prop/direct/P1050,has medical condition,22
http://www.wikidata.org/prop/direct/P1220,Internet Broadway Database person ID,22
http://www.wikidata.org/prop/direct/P1814,name in kana,22
http://www.wikidata.org/prop/direct/P2188,BiblioNet author ID,22
http://www.wikidata.org/prop/direct/P2639,Filmportal ID,22
http://www.wikidata.org/prop/direct/P2632,place of detention,22
http://www.wikidata.org/prop/direct/P5340,American Film Institute person ID,22
http://www.wikidata.org/prop/direct/P6385,Krugosvet article,22
http://www.wikidata.org/prop/direct/P6821,Alvin ID,22
http://www.wikidata.org/prop/direct/P9178,Biblioteca Franco Serantini ID,22
http://www.wikidata.org/prop/direct/P9662,LdiF person ID,22
http://www.wikidata.org/prop/direct/P1066,student of,21
http://www.wikidata.org/prop/direct/P1157,US Congress Bio ID,21
http://www.wikidata.org/prop/direct/P1399,convicted of,21
http://www.wikidata.org/prop/direct/P1449,nickname,21
http://www.wikidata.org/prop/direct/P6488,Enciclopedia delle donne ID,21
http://www.wikidata.org/prop/direct/P6706,De Agostini ID,21
http://www.wikidata.org/prop/direct/P8980,KANTO ID,21
http://www.wikidata.org/prop/direct/P9247,Pontifical University of Salamanca ID,21
http://www.wikidata.org/prop/direct/P410,military or police rank,20
http://www.wikidata.org/prop/direct/P1899,LibriVox author ID,20
http://www.wikidata.org/prop/direct/P2435,PORT person ID,20
http://www.wikidata.org/prop/direct/P3192,Last.fm ID,20
http://www.wikidata.org/prop/direct/P6844,abART person ID,20
http://www.wikidata.org/prop/direct/P7847,DigitaltMuseum ID,20
http://www.wikidata.org/prop/direct/P10780,Radio France person ID,20
http://www.wikidata.org/prop/direct/P2626,Danish National Filmography person ID,19
http://www.wikidata.org/prop/direct/P3388,LittleSis people ID,19
http://www.wikidata.org/prop/direct/P4724,Maitron ID,19
http://www.wikidata.org/prop/direct/P6594,Guggenheim fellows ID,19
http://www.wikidata.org/prop/direct/P8496,Archive Site Trinity College Cambridge ID,19
http://www.wikidata.org/prop/direct/P723,Digitale Bibliotheek voor de Nederlandse Letteren author ID,18
http://www.wikidata.org/prop/direct/P1430,Open Plaques subject ID,18
http://www.wikidata.org/prop/direct/P1830,owner of,18
http://www.wikidata.org/prop/direct/P1902,Spotify artist ID,18
http://www.wikidata.org/prop/direct/P2032,work period (end),18
http://www.wikidata.org/prop/direct/P2387,Elonet person ID,18
http://www.wikidata.org/prop/direct/P7502,Golden ID,18
http://www.wikidata.org/prop/direct/P8024,Nobel Laureate API ID,18
http://www.wikidata.org/prop/direct/P9885,Bing entity ID,18
http://www.wikidata.org/prop/direct/P4539,Collective Biographies of Women ID,17
http://www.wikidata.org/prop/direct/P5306,LONSEA ID,17
http://www.wikidata.org/prop/direct/P5404,Rate Your Music artist ID,17
http://www.wikidata.org/prop/direct/P6262,Fandom article ID,17
http://www.wikidata.org/prop/direct/P8750,Unione Romana Biblioteche Scientifiche ID,17
http://www.wikidata.org/prop/direct/P8795,Diamond Catalog ID for persons and organisations,17
http://www.wikidata.org/prop/direct/P9097,American Academy in Rome ID,17
http://www.wikidata.org/prop/direct/P11386,Listal ID,17
http://www.wikidata.org/prop/direct/P1711,British Museum person or institution ID,16
http://www.wikidata.org/prop/direct/P2168,Swedish Film Database person ID,16
http://www.wikidata.org/prop/direct/P2722,Deezer artist ID,16
http://www.wikidata.org/prop/direct/P4963,Svenskt kvinnobiografiskt lexikon ID,16
http://www.wikidata.org/prop/direct/P5419,NYRB contributor ID,16
http://www.wikidata.org/prop/direct/P6058,Larousse ID,16
http://www.wikidata.org/prop/direct/P7700,Slovak National Library (VIAF) ID,16
http://www.wikidata.org/prop/direct/P12086,WikiKids ID,16
http://www.wikidata.org/prop/direct/P12800,Vikidia article ID,16
http://www.wikidata.org/prop/direct/P1801,plaque image,15
http://www.wikidata.org/prop/direct/P1871,CERL Thesaurus ID,15
http://www.wikidata.org/prop/direct/P1890,CCAB ID,15
http://www.wikidata.org/prop/direct/P2381,Academic Tree ID,15
http://www.wikidata.org/prop/direct/P3051,Kindred Britain ID,15
http://www.wikidata.org/prop/direct/P4359,gravsted.dk ID,15
http://www.wikidata.org/prop/direct/P4789,Who's Who UK ID,15
http://www.wikidata.org/prop/direct/P5341,Poetry Foundation ID,15
http://www.wikidata.org/prop/direct/P6404,Treccani's Dizionario di Storia ID,15
http://www.wikidata.org/prop/direct/P7212,LyricsTranslate ID,15
http://www.wikidata.org/prop/direct/P11683,Ivi person ID,15
http://www.wikidata.org/prop/direct/P12386,Dansk Forfatterleksikon ID,15
http://www.wikidata.org/prop/direct/P902,HDS ID,14
http://www.wikidata.org/prop/direct/P1828,IPI name number,14
http://www.wikidata.org/prop/direct/P2373,Genius artist ID,14
http://www.wikidata.org/prop/direct/P4223,Treccani's Enciclopedia Italiana ID,14
http://www.wikidata.org/prop/direct/P8125,Fandango person ID,14
http://www.wikidata.org/prop/direct/P8974,SAPA ID,14
http://www.wikidata.org/prop/direct/P9159,People Australia ID,14
http://www.wikidata.org/prop/direct/P9212,Dizionario biografico online degli anarchici italiani ID,14
http://www.wikidata.org/prop/direct/P9807,SNK ID,14
http://www.wikidata.org/prop/direct/P10527,documentation files at,14
http://www.wikidata.org/prop/direct/P11137,Reddit topic ID,14
http://www.wikidata.org/prop/direct/P611,religious order,13
http://www.wikidata.org/prop/direct/P1327,partner in business or sport,13
http://www.wikidata.org/prop/direct/P1553,Yandex Music artist ID,13
http://www.wikidata.org/prop/direct/P1977,Les Archives du spectacle person ID,13
http://www.wikidata.org/prop/direct/P3782,Artnet artist ID,13
http://www.wikidata.org/prop/direct/P4527,UK Parliament thesaurus ID,13
http://www.wikidata.org/prop/direct/P6868,Hoopla artist ID,13
http://www.wikidata.org/prop/direct/P6872,has written for,13
http://www.wikidata.org/prop/direct/P8234,LiederNet author ID,13
http://www.wikidata.org/prop/direct/P8568,Jewish Virtual Library ID,13
http://www.wikidata.org/prop/direct/P8971,Cinémathèque québécoise person ID,13
http://www.wikidata.org/prop/direct/P9058,Fichier des personnes décédées ID (matchID),13
http://www.wikidata.org/prop/direct/P9251,Cyprus University of Technology ID,13
http://www.wikidata.org/prop/direct/P9600,oral history at,13
http://www.wikidata.org/prop/direct/P9802,Penguin Random House author ID,13
http://www.wikidata.org/prop/direct/P10141,Academy of Athens authority ID,13
http://www.wikidata.org/prop/direct/P11194,Famous Birthdays ID,13
http://www.wikidata.org/prop/direct/P11500,United States House of Representatives ID,13
http://www.wikidata.org/prop/direct/P11514,Great Russian Encyclopedia portal ID,13
http://www.wikidata.org/prop/direct/P12430,The StoryGraph author ID,13
http://www.wikidata.org/prop/direct/P12836,Douban personage ID,13
http://www.wikidata.org/prop/direct/P13019,RedBA Granada authority ID,13
http://www.wikidata.org/prop/direct/P91,sexual orientation,12
http://www.wikidata.org/prop/direct/P361,part of,12
http://www.wikidata.org/prop/direct/P511,honorific prefix,12
http://www.wikidata.org/prop/direct/P1258,Rotten Tomatoes ID,12
http://www.wikidata.org/prop/direct/P1556,zbMATH author ID,12
http://www.wikidata.org/prop/direct/P1576,lifestyle,12
http://www.wikidata.org/prop/direct/P1670,Canadiana Authorities ID (former scheme),12
http://www.wikidata.org/prop/direct/P2611,TED speaker ID,12
http://www.wikidata.org/prop/direct/P2732,Persée author ID,12
http://www.wikidata.org/prop/direct/P2745,Dictionary of New Zealand Biography ID,12
http://www.wikidata.org/prop/direct/P2909,SecondHandSongs artist ID,12
http://www.wikidata.org/prop/direct/P3569,Cultureel Woordenboek ID,12
http://www.wikidata.org/prop/direct/P3997,Bait La Zemer Ha-Ivri artist ID,12
http://www.wikidata.org/prop/direct/P4343,WBPLN author ID,12
http://www.wikidata.org/prop/direct/P4208,Billboard artist ID,12
http://www.wikidata.org/prop/direct/P5534,Open Media Database person ID,12
http://www.wikidata.org/prop/direct/P6634,LinkedIn personal profile ID,12
http://www.wikidata.org/prop/direct/P7303,Grammy Awards artist ID,12
http://www.wikidata.org/prop/direct/P7775,RationalWiki ID,12
http://www.wikidata.org/prop/direct/P7929,Roglo person ID,12
http://www.wikidata.org/prop/direct/P8385,IDU person ID,12
http://www.wikidata.org/prop/direct/P9629,Armeniapedia ID,12
http://www.wikidata.org/prop/direct/P9965,Musik-Sammler.de artist ID,12
http://www.wikidata.org/prop/direct/P10757,Personality Database profile ID,12
http://www.wikidata.org/prop/direct/P11158,Dimitri and Aliki Perrotis Central Library ID,12
http://www.wikidata.org/prop/direct/P358,discography,11
http://www.wikidata.org/prop/direct/P641,sport,11
http://www.wikidata.org/prop/direct/P650,RKDartists ID,11
http://www.wikidata.org/prop/direct/P651,Biografisch Portaal van Nederland ID,11
http://www.wikidata.org/prop/direct/P1424,topic's main template,11
http://www.wikidata.org/prop/direct/P2519,Scope.dk person ID,11
http://www.wikidata.org/prop/direct/P4186,Australian Women's Register ID,11
http://www.wikidata.org/prop/direct/P5343,Poets.org poet ID,11
http://www.wikidata.org/prop/direct/P7084,related category,11
http://www.wikidata.org/prop/direct/P7939,Dansk kvindebiografisk leksikon ID,11
http://www.wikidata.org/prop/direct/P7947,WeChangEd ID,11
http://www.wikidata.org/prop/direct/P9322,SVKKL authority ID,11
http://www.wikidata.org/prop/direct/P11239,DFK Paris person ID,11
http://www.wikidata.org/prop/direct/P12153,FilmAffinity person ID,11
http://www.wikidata.org/prop/direct/P12483,PMB – Personen der Moderne Basis person ID,11
http://www.wikidata.org/prop/direct/P412,voice type,10
http://www.wikidata.org/prop/direct/P863,InPhO ID,10
http://www.wikidata.org/prop/direct/P1153,Scopus author ID,10
http://www.wikidata.org/prop/direct/P1907,Australian Dictionary of Biography ID,10
http://www.wikidata.org/prop/direct/P2638,TV.com ID,10
http://www.wikidata.org/prop/direct/P2868,subject has role,10
http://www.wikidata.org/prop/direct/P4514,Africultures person ID,10
http://www.wikidata.org/prop/direct/P4574,Norwegian historical register of persons ID,10
http://www.wikidata.org/prop/direct/P6150,Academy Awards Database nominee ID,10
http://www.wikidata.org/prop/direct/P6327,Goodreads character ID,10
http://www.wikidata.org/prop/direct/P8591,Grove Music Online ID,10
http://www.wikidata.org/prop/direct/P9328,Universal Music France artist ID,10
http://www.wikidata.org/prop/direct/P9463,MovieMeter person ID,10
http://www.wikidata.org/prop/direct/P13591,Yale LUX ID,10
http://www.wikidata.org/prop/direct/P97,noble title,9
http://www.wikidata.org/prop/direct/P1186,MEP directory ID,9
http://www.wikidata.org/prop/direct/P1607,Dialnet author ID,9
http://www.wikidata.org/prop/direct/P1788,DVN ID,9
http://www.wikidata.org/prop/direct/P2450,Encyclopædia Britannica contributor ID,9
http://www.wikidata.org/prop/direct/P2533,WomenWriters ID,9
http://www.wikidata.org/prop/direct/P2650,interested in,9
http://www.wikidata.org/prop/direct/P3106,Guardian topic ID,9
http://www.wikidata.org/prop/direct/P3221,New York Times topic ID,9
http://www.wikidata.org/prop/direct/P3232,PhilPapers author ID,9
http://www.wikidata.org/prop/direct/P3544,Te Papa agent ID,9
http://www.wikidata.org/prop/direct/P4159,WeRelate person ID,9
http://www.wikidata.org/prop/direct/P4432,Artists of the World ID,9
http://www.wikidata.org/prop/direct/P4657,The Numbers person ID,9
http://www.wikidata.org/prop/direct/P4927,Invaluable.com person ID,9
http://www.wikidata.org/prop/direct/P5284,Douban movie celebrity ID,9
http://www.wikidata.org/prop/direct/P5337,Google News topics ID,9
http://www.wikidata.org/prop/direct/P5356,Laut.de artist ID,9
http://www.wikidata.org/prop/direct/P6275,copyright representative,9
http://www.wikidata.org/prop/direct/P6300,Hymnary author ID,9
http://www.wikidata.org/prop/direct/P6698,Japan Search name ID,9
http://www.wikidata.org/prop/direct/P6723,BlackPast.org ID,9
http://www.wikidata.org/prop/direct/P7109,Acharts.co artist ID,9
http://www.wikidata.org/prop/direct/P7745,Movie Walker Press person ID,9
http://www.wikidata.org/prop/direct/P8309,Yle topic ID,9
http://www.wikidata.org/prop/direct/P11156,MMB ID,9
http://www.wikidata.org/prop/direct/P11155,Municipal Library of Trikala ID,9
http://www.wikidata.org/prop/direct/P496,ORCID iD,8
http://www.wikidata.org/prop/direct/P549,Mathematics Genealogy Project ID,8
http://www.wikidata.org/prop/direct/P968,email address,8
http://www.wikidata.org/prop/direct/P989,spoken text audio,8
http://www.wikidata.org/prop/direct/P1026,academic thesis,8
http://www.wikidata.org/prop/direct/P945,allegiance,8
http://www.wikidata.org/prop/direct/P1286,Munzinger Pop ID,8
http://www.wikidata.org/prop/direct/P2048,height,8
http://www.wikidata.org/prop/direct/P2174,Museum of Modern Art artist ID,8
http://www.wikidata.org/prop/direct/P2750,Photographers’ Identities Catalog ID,8
http://www.wikidata.org/prop/direct/P3017,Rolling Stone artist ID,8
http://www.wikidata.org/prop/direct/P3056,TCM Movie Database person ID,8
http://www.wikidata.org/prop/direct/P3114,ISzDb person ID,8
http://www.wikidata.org/prop/direct/P3788,BNMM authority ID,8
http://www.wikidata.org/prop/direct/P4081,BHL creator ID,8
http://www.wikidata.org/prop/direct/P4431,Google Doodle,8
http://www.wikidata.org/prop/direct/P4602,date of burial or cremation,8
http://www.wikidata.org/prop/direct/P5033,Filmweb.pl person ID,8
http://www.wikidata.org/prop/direct/P6081,RIA Novosti reference,8
http://www.wikidata.org/prop/direct/P6351,Genius artist numeric ID,8
http://www.wikidata.org/prop/direct/P7052,Jaxsta profile ID,8
http://www.wikidata.org/prop/direct/P7444,Rijksmuseum Research Library authority ID,8
http://www.wikidata.org/prop/direct/P7545,askArt person ID,8
http://www.wikidata.org/prop/direct/P8017,generational suffix,8
http://www.wikidata.org/prop/direct/P8819,Pitchfork artist ID,8
http://www.wikidata.org/prop/direct/P8885,Namuwiki ID,8
http://www.wikidata.org/prop/direct/P8899,Swedish National Library Arken ID,8
http://www.wikidata.org/prop/direct/P9346,France 24 topic ID (French),8
http://www.wikidata.org/prop/direct/P9430,Encyclopedia of Jewish Women ID,8
http://www.wikidata.org/prop/direct/P9493,artist files at,8
http://www.wikidata.org/prop/direct/P11120,Rai Teche person ID,8
http://www.wikidata.org/prop/direct/P11180,Central Library of Volos authority ID,8
http://www.wikidata.org/prop/direct/P11185,Levadia Library ID,8
http://www.wikidata.org/prop/direct/P11615,InfluenceWatch ID,8
http://www.wikidata.org/prop/direct/P13051,CIRDOC author ID,8
http://www.wikidata.org/prop/direct/P53,family,7
http://www.wikidata.org/prop/direct/P443,pronunciation audio,7
http://www.wikidata.org/prop/direct/P947,RSL ID (person),7
http://www.wikidata.org/prop/direct/P1749,Parlement.com ID,7
http://www.wikidata.org/prop/direct/P2171,TheyWorkForYou ID,7
http://www.wikidata.org/prop/direct/P2267,PolitiFact people and groups ID,7
http://www.wikidata.org/prop/direct/P2562,married name,7
http://www.wikidata.org/prop/direct/P2581,BabelNet ID,7
http://www.wikidata.org/prop/direct/P3040,SoundCloud ID,7
http://www.wikidata.org/prop/direct/P4012,Semantic Scholar author ID,7
http://www.wikidata.org/prop/direct/P4457,DAHR artist ID,7
http://www.wikidata.org/prop/direct/P4819,Swedish Portrait Archive ID,7
http://www.wikidata.org/prop/direct/P5007,Behind The Voice Actors person ID,7
http://www.wikidata.org/prop/direct/P5080,Norsk biografisk leksikon ID,7
http://www.wikidata.org/prop/direct/P5375,BIU Santé person ID,7
http://www.wikidata.org/prop/direct/P5395,Canadian Encyclopedia article ID,7
http://www.wikidata.org/prop/direct/P5489,artist-info artist ID,7
http://www.wikidata.org/prop/direct/P5502,LRB contributor ID,7
http://www.wikidata.org/prop/direct/P5504,RISM ID,7
http://www.wikidata.org/prop/direct/P6214,Jewish Museum Berlin person ID,7
http://www.wikidata.org/prop/direct/P6461,Rock's Backpages artist ID,7
http://www.wikidata.org/prop/direct/P6517,WhoSampled artist ID,7
http://www.wikidata.org/prop/direct/P7003,ACMI ID,7
http://www.wikidata.org/prop/direct/P7026,Lebanese National Library ID,7
http://www.wikidata.org/prop/direct/P7317,iHeart artist ID,7
http://www.wikidata.org/prop/direct/P7686,Encyclopedia of the Great Plains ID,7
http://www.wikidata.org/prop/direct/P7796,BeWeb person ID,7
http://www.wikidata.org/prop/direct/P8286,Olympedia people ID,7
http://www.wikidata.org/prop/direct/P8992,1914-1918-Online ID,7
http://www.wikidata.org/prop/direct/P9081,SEARCH on line catalogue ID,7
http://www.wikidata.org/prop/direct/P9244,Women Australia ID,7
http://www.wikidata.org/prop/direct/P9594,Bodleian Archives & Manuscripts person ID,7
http://www.wikidata.org/prop/direct/P10018,George Eastman Museum people ID,7
http://www.wikidata.org/prop/direct/P10234,Der Spiegel topic ID,7
http://www.wikidata.org/prop/direct/P10266,AdoroCinema person ID,7
http://www.wikidata.org/prop/direct/P10372,Offizielle Deutsche Charts person ID,7
http://www.wikidata.org/prop/direct/P10404,LMHL author ID,7
http://www.wikidata.org/prop/direct/P10916,Süddeutsche Zeitung topic ID,7
http://www.wikidata.org/prop/direct/P11936,Biblioteca centrale Cappuccini authority ID,7
http://www.wikidata.org/prop/direct/P13022,Koha Kütüphane ID,7
http://www.wikidata.org/prop/direct/P13437,Chtyvo author ID,7
http://www.wikidata.org/prop/direct/P802,student,6
http://www.wikidata.org/prop/direct/P1299,depicted by,6
http://www.wikidata.org/prop/direct/P1387,political alignment,6
http://www.wikidata.org/prop/direct/P1598,consecrator,6
http://www.wikidata.org/prop/direct/P1813,short name,6
http://www.wikidata.org/prop/direct/P1980,PolSys ID,6
http://www.wikidata.org/prop/direct/P1979,Righteous Among The Nations ID,6
http://www.wikidata.org/prop/direct/P2015,Hansard (1803–2005) ID,6
http://www.wikidata.org/prop/direct/P2390,Ballotpedia ID,6
http://www.wikidata.org/prop/direct/P3204,Ciné-Ressources person ID,6
http://www.wikidata.org/prop/direct/P3235,PhilPapers topic,6
http://www.wikidata.org/prop/direct/P3305,KINENOTE person ID,6
http://www.wikidata.org/prop/direct/P3973,PIM authority ID,6
http://www.wikidata.org/prop/direct/P4332,Deutsche Synchronkartei actor ID,6
http://www.wikidata.org/prop/direct/P4471,Rush Parliamentary Archive ID,6
http://www.wikidata.org/prop/direct/P5297,Companies House officer ID,6
http://www.wikidata.org/prop/direct/P5357,Encyclopedia of Science Fiction ID,6
http://www.wikidata.org/prop/direct/P5909,HKCAN ID,6
http://www.wikidata.org/prop/direct/P6200,BBC News topic ID,6
http://www.wikidata.org/prop/direct/P6284,NCpedia ID,6
http://www.wikidata.org/prop/direct/P7085,TikTok username,6
http://www.wikidata.org/prop/direct/P7194,AZLyrics.com artist ID,6
http://www.wikidata.org/prop/direct/P7214,Allcinema person ID,6
http://www.wikidata.org/prop/direct/P7779,military unit,6
http://www.wikidata.org/prop/direct/P8081,WBIS ID,6
http://www.wikidata.org/prop/direct/P8544,Frauen in Bewegung 1848–1938 ID,6
http://www.wikidata.org/prop/direct/P8580,NHK Archives Portal person ID,6
http://www.wikidata.org/prop/direct/P8833,Union Catalog of Armenian Libraries authority ID,6
http://www.wikidata.org/prop/direct/P8870,Hyperion Records person ID,6
http://www.wikidata.org/prop/direct/P9522,Biblioteca di Santa Sabina ID,6
http://www.wikidata.org/prop/direct/P9534,Biblioteche della Custodia di Terra Santa a Gerusalemme ID,6
http://www.wikidata.org/prop/direct/P11041,kulturstiftung.org person ID,6
http://www.wikidata.org/prop/direct/P11646,Deutsche Synchronkartei person ID,6
http://www.wikidata.org/prop/direct/P10,video,5
http://www.wikidata.org/prop/direct/P138,named after,5
http://www.wikidata.org/prop/direct/P157,killed by,5
http://www.wikidata.org/prop/direct/P270,CALIS ID,5
http://www.wikidata.org/prop/direct/P411,canonization status,5
http://www.wikidata.org/prop/direct/P990,audio recording of the subject's spoken voice,5
http://www.wikidata.org/prop/direct/P839,IMSLP ID,5
http://www.wikidata.org/prop/direct/P1213,NLC authorities,5
http://www.wikidata.org/prop/direct/P1438,Jewish Encyclopedia ID (Russian),5
http://www.wikidata.org/prop/direct/P1615,CLARA-ID,5
http://www.wikidata.org/prop/direct/P1648,Dictionary of Welsh Biography ID,5
http://www.wikidata.org/prop/direct/P1839,US Federal Election Commission ID,5
http://www.wikidata.org/prop/direct/P2042,Artsy artist ID,5
http://www.wikidata.org/prop/direct/P1960,Google Scholar author ID,5
http://www.wikidata.org/prop/direct/P2191,Vegetti Catalog of Fantastic Literature NILF ID,5
http://www.wikidata.org/prop/direct/P2252,National Gallery of Art artist ID,5
http://www.wikidata.org/prop/direct/P2348,time period,5
http://www.wikidata.org/prop/direct/P2799,BVMC person ID,5
http://www.wikidata.org/prop/direct/P2847,Google+ ID,5
http://www.wikidata.org/prop/direct/P2843,Benezit ID,5
http://www.wikidata.org/prop/direct/P3283,Bandcamp profile ID,5
http://www.wikidata.org/prop/direct/P3344,Vote Smart candidate ID,5
http://www.wikidata.org/prop/direct/P3789,Telegram username,5
http://www.wikidata.org/prop/direct/P3980,Unifrance person ID,5
http://www.wikidata.org/prop/direct/P4272,DPLA subject term,5
http://www.wikidata.org/prop/direct/P4198,Google Play Music artist ID (former scheme),5
http://www.wikidata.org/prop/direct/P4248,The Black Book ID,5
http://www.wikidata.org/prop/direct/P4521,Radio Radicale person ID,5
http://www.wikidata.org/prop/direct/P4955,MR Author ID,5
http://www.wikidata.org/prop/direct/P4997,National Governors Association biography URL,5
http://www.wikidata.org/prop/direct/P5056,patronym or matronym,5
http://www.wikidata.org/prop/direct/P5570,NooSFere author ID,5
http://www.wikidata.org/prop/direct/P5695,Bibliopoche author ID,5
http://www.wikidata.org/prop/direct/P5705,Los Angeles Review of Books author ID,5
http://www.wikidata.org/prop/direct/P6005,Muck Rack journalist ID,5
http://www.wikidata.org/prop/direct/P6178,Dimensions author ID,5
http://www.wikidata.org/prop/direct/P6578,MutualArt artist ID,5
http://www.wikidata.org/prop/direct/P6621,Le Figaro tag ID,5
http://www.wikidata.org/prop/direct/P6745,Orlando author ID,5
http://www.wikidata.org/prop/direct/P6839,TV Tropes ID,5
http://www.wikidata.org/prop/direct/P6960,IMVDb artist ID,5
http://www.wikidata.org/prop/direct/P7024,Flemish Public Libraries ID,5
http://www.wikidata.org/prop/direct/P7192,TuneIn artist ID,5
http://www.wikidata.org/prop/direct/P7215,Eiga.com person ID,5
http://www.wikidata.org/prop/direct/P8080,Ökumenisches Heiligenlexikon ID,5
http://www.wikidata.org/prop/direct/P8301,Montreux Jazz Festival person ID,5
http://www.wikidata.org/prop/direct/P8341,Dansk Biografisk Leksikon ID,5
http://www.wikidata.org/prop/direct/P8951,Order of Canada recipient ID,5
http://www.wikidata.org/prop/direct/P8947,Museo Galileo authority ID,5
http://www.wikidata.org/prop/direct/P9352,Portrait Archive ID,5
http://www.wikidata.org/prop/direct/P9541,MacArthur Fellows Program ID,5
http://www.wikidata.org/prop/direct/P9770,Knesset member ID,5
http://www.wikidata.org/prop/direct/P9863,Gujarati Vishwakosh entry,5
http://www.wikidata.org/prop/direct/P9880,Festivaletteratura person ID,5
http://www.wikidata.org/prop/direct/P10328,ICPSR Personal Names Authority List ID,5
http://www.wikidata.org/prop/direct/P94,coat of arms image,4
http://www.wikidata.org/prop/direct/P528,catalog code,4
http://www.wikidata.org/prop/direct/P1289,Kritisches Lexikon zur fremdsprachigen Gegenwartsliteratur ID,4
http://www.wikidata.org/prop/direct/P1331,PACE member ID,4
http://www.wikidata.org/prop/direct/P1340,eye color,4
http://www.wikidata.org/prop/direct/P1563,MacTutor biography ID,4
http://www.wikidata.org/prop/direct/P1581,official blog URL,4
http://www.wikidata.org/prop/direct/P1651,YouTube video ID,4
http://www.wikidata.org/prop/direct/P1712,Metacritic ID,4
http://www.wikidata.org/prop/direct/P2038,ResearchGate profile ID,4
http://www.wikidata.org/prop/direct/P2372,ODIS ID,4
http://www.wikidata.org/prop/direct/P2510,National Discography of Italian Song artist/group ID,4
http://www.wikidata.org/prop/direct/P2959,permanent duplicated item,4
http://www.wikidata.org/prop/direct/P3142,EDb person ID,4
http://www.wikidata.org/prop/direct/P3136,elCinema person ID,4
http://www.wikidata.org/prop/direct/P3265,Myspace ID,4
http://www.wikidata.org/prop/direct/P3553,Zhihu topic ID,4
http://www.wikidata.org/prop/direct/P3919,contributed to creative work,4
http://www.wikidata.org/prop/direct/P4200,Christie's creator ID,4
http://www.wikidata.org/prop/direct/P4576,Tidal artist ID,4
http://www.wikidata.org/prop/direct/P4690,Oireachtas member ID,4
http://www.wikidata.org/prop/direct/P4757,Songwriters Hall of Fame ID,4
http://www.wikidata.org/prop/direct/P5068,Flanders Arts Institute person ID,4
http://www.wikidata.org/prop/direct/P5247,Giant Bomb ID,4
http://www.wikidata.org/prop/direct/P5254,FilmTv.it person ID,4
http://www.wikidata.org/prop/direct/P5431,setlist.fm artist ID,4
http://www.wikidata.org/prop/direct/P5715,Academia.edu profile URL,4
http://www.wikidata.org/prop/direct/P5821,ArhivX LOD ID,4
http://www.wikidata.org/prop/direct/P6414,DIZIE ID,4
http://www.wikidata.org/prop/direct/P6441,Douban author ID,4
http://www.wikidata.org/prop/direct/P6465,Democracy Club candidate ID,4
http://www.wikidata.org/prop/direct/P6573,Klexikon article ID,4
http://www.wikidata.org/prop/direct/P6645,Stedelijk Museum Amsterdam ID,4
http://www.wikidata.org/prop/direct/P6764,V&A person ID,4
http://www.wikidata.org/prop/direct/P6829,Dictionary of Irish Biography ID,4
http://www.wikidata.org/prop/direct/P6925,Musicalics composer ID,4
http://www.wikidata.org/prop/direct/P6978,Scandinavian middle family name,4
http://www.wikidata.org/prop/direct/P7195,Bandsintown artist ID,4
http://www.wikidata.org/prop/direct/P7311,Aozora Bunko author ID,4
http://www.wikidata.org/prop/direct/P7941,Biografisch Woordenboek van Nederland: 1880-2000 ID,4
http://www.wikidata.org/prop/direct/P7952,The First Amendment Encyclopedia ID,4
http://www.wikidata.org/prop/direct/P7993,Treccani's Dizionario di Filosofia ID,4
http://www.wikidata.org/prop/direct/P8013,Trakt.tv ID,4
http://www.wikidata.org/prop/direct/P8041,DR music artist ID,4
http://www.wikidata.org/prop/direct/P8381,Emmys person ID,4
http://www.wikidata.org/prop/direct/P8406,Grove Art Online ID,4
http://www.wikidata.org/prop/direct/P8730,National Park Service people ID,4
http://www.wikidata.org/prop/direct/P9179,Biblioteca Iglesia Nacional Española en Roma ID,4
http://www.wikidata.org/prop/direct/P9245,Labour Australia ID,4
http://www.wikidata.org/prop/direct/P9495,National Historical Museums of Sweden ID,4
http://www.wikidata.org/prop/direct/P9625,Dizionario Biografico dell'Educazione (1800–2000) ID,4
http://www.wikidata.org/prop/direct/P9686,Classical Archives composer ID,4
http://www.wikidata.org/prop/direct/P9707,GCD creator ID,4
http://www.wikidata.org/prop/direct/P10021,UAE University Libraries ID,4
http://www.wikidata.org/prop/direct/P10298,Sceneweb artist ID,4
http://www.wikidata.org/prop/direct/P11227,AniList staff ID,4
http://www.wikidata.org/prop/direct/P11245,YouTube handle,4
http://www.wikidata.org/prop/direct/P11281,Biographical Dictionary of the Australian Senate ID,4
http://www.wikidata.org/prop/direct/P12674,Kunstenpunt Knowledge Graph ID,4
http://www.wikidata.org/prop/direct/P13030,Münzkabinett ID,4
http://www.wikidata.org/prop/direct/P13226,Hessian Biography person (GND) ID,4
http://www.wikidata.org/prop/direct/P13455,Dezède person ID,4
http://www.wikidata.org/prop/direct/P54,member of sports team,3
http://www.wikidata.org/prop/direct/P1047,Catholic Hierarchy person ID,3
http://www.wikidata.org/prop/direct/P1150,Regensburg Classification,3
http://www.wikidata.org/prop/direct/P1187,Dharma Drum Institute of Liberal Arts person ID,3
http://www.wikidata.org/prop/direct/P1283,filmography,3
http://www.wikidata.org/prop/direct/P1649,KMDb person ID,3
http://www.wikidata.org/prop/direct/P1842,Global Anabaptist Mennonite Encyclopedia Online ID,3
http://www.wikidata.org/prop/direct/P1875,represented by,3
http://www.wikidata.org/prop/direct/P1884,hair color,3
http://www.wikidata.org/prop/direct/P2087,Crunchbase person ID,3
http://www.wikidata.org/prop/direct/P2089,Library of Congress JukeBox ID (former scheme),3
http://www.wikidata.org/prop/direct/P1988,Le Delarge artist ID,3
http://www.wikidata.org/prop/direct/P2011,Cooper Hewitt person ID,3
http://www.wikidata.org/prop/direct/P2469,Theatricalia person ID,3
http://www.wikidata.org/prop/direct/P2477,BDRC Resource ID,3
http://www.wikidata.org/prop/direct/P2592,Québec cultural heritage directory people ID,3
http://www.wikidata.org/prop/direct/P3072,Storting person ID,3
http://www.wikidata.org/prop/direct/P3123,Stanford Encyclopedia of Philosophy ID,3
http://www.wikidata.org/prop/direct/P3162,Rock and Roll Hall of Fame ID,3
http://www.wikidata.org/prop/direct/P3185,VK username,3
http://www.wikidata.org/prop/direct/P3435,VGMdb artist ID,3
http://www.wikidata.org/prop/direct/P3716,social classification,3
http://www.wikidata.org/prop/direct/P3794,Dictionary of Sydney ID,3
http://www.wikidata.org/prop/direct/P3901,ADAGP artist ID,3
http://www.wikidata.org/prop/direct/P3965,Bridgeman artist ID,3
http://www.wikidata.org/prop/direct/P3984,subreddit,3
http://www.wikidata.org/prop/direct/P4084,MyAnimeList people ID,3
http://www.wikidata.org/prop/direct/P4399,Itaú Cultural ID,3
http://www.wikidata.org/prop/direct/P4439,MNCARS artist ID,3
http://www.wikidata.org/prop/direct/P4440,Biblioteca Nacional de México ID,3
http://www.wikidata.org/prop/direct/P4663,DACS ID (former),3
http://www.wikidata.org/prop/direct/P4903,New Georgia Encyclopedia ID,3
http://www.wikidata.org/prop/direct/P4936,SFMOMA artist ID,3
http://www.wikidata.org/prop/direct/P4782,Movieplayer person ID,3
http://www.wikidata.org/prop/direct/P5002,Orthodox Encyclopedia ID,3
http://www.wikidata.org/prop/direct/P5287,Songfacts artist ID,3
http://www.wikidata.org/prop/direct/P5298,Webb-site person ID,3
http://www.wikidata.org/prop/direct/P5344,Printemps des poètes poet ID,3
http://www.wikidata.org/prop/direct/P5355,abgeordnetenwatch.de politician ID,3
http://www.wikidata.org/prop/direct/P5370,Entomologists of the World ID,3
http://www.wikidata.org/prop/direct/P5509,MAPS poet ID,3
http://www.wikidata.org/prop/direct/P6010,Encyclopedia of Alabama ID,3
http://www.wikidata.org/prop/direct/P6023,ResearchGate contributions ID,3
http://www.wikidata.org/prop/direct/P6126,Santiebeati ID,3
http://www.wikidata.org/prop/direct/P6173,Bitraga author ID,3
http://www.wikidata.org/prop/direct/P6181,Disney A to Z ID,3
http://www.wikidata.org/prop/direct/P6231,BDELIS ID,3
http://www.wikidata.org/prop/direct/P6255,SinemaTürk person ID,3
http://www.wikidata.org/prop/direct/P6329,Share-VDE 1.0 author ID,3
http://www.wikidata.org/prop/direct/P6424,affiliation string,3
http://www.wikidata.org/prop/direct/P6553,personal pronoun,3
http://www.wikidata.org/prop/direct/P6851,Biographical Dictionary of Iowa ID,3
http://www.wikidata.org/prop/direct/P6926,Nederlandse Top 40 artist ID,3
http://www.wikidata.org/prop/direct/P7039,National Library of Iceland ID,3
http://www.wikidata.org/prop/direct/P7128,Archives Directory for the History of Collecting in America ID,3
http://www.wikidata.org/prop/direct/P7208,Liber Liber author ID,3
http://www.wikidata.org/prop/direct/P7300,MUBI person ID,3
http://www.wikidata.org/prop/direct/P7349,Gazetteer for Scotland person ID,3
http://www.wikidata.org/prop/direct/P7695,e-WV: The West Virginia Encyclopedia ID,3
http://www.wikidata.org/prop/direct/P7691,The Oregon Encyclopedia ID,3
http://www.wikidata.org/prop/direct/P7803,Decine21 person ID,3
http://www.wikidata.org/prop/direct/P7842,Vienna History Wiki ID,3
http://www.wikidata.org/prop/direct/P7920,TheTVDB person ID,3
http://www.wikidata.org/prop/direct/P8044,Frankfurter Personenlexikon ID,3
http://www.wikidata.org/prop/direct/P8214,curriculum vitae URL,3
http://www.wikidata.org/prop/direct/P8408,KBpedia ID,3
http://www.wikidata.org/prop/direct/P8612,past Fellow of the Royal Society ID,3
http://www.wikidata.org/prop/direct/P8689,ITHL author ID,3
http://www.wikidata.org/prop/direct/P8796,Film w prasie polskiej press collection ID,3
http://www.wikidata.org/prop/direct/P8879,Kinorium person ID,3
http://www.wikidata.org/prop/direct/P8896,Concise Literary Encyclopedia ID,3
http://www.wikidata.org/prop/direct/P8998,Magyar életrajzi lexikon ID,3
http://www.wikidata.org/prop/direct/P9141,Portal da Literatura ID,3
http://www.wikidata.org/prop/direct/P9222,bashenc.online ID,3
http://www.wikidata.org/prop/direct/P9404,OFDb person ID,3
http://www.wikidata.org/prop/direct/P9661,EBAF authority ID,3
http://www.wikidata.org/prop/direct/P9678,Franciscan Center of Christian Oriental Studies ID,3
http://www.wikidata.org/prop/direct/P10085,biografiA ID,3
http://www.wikidata.org/prop/direct/P10231,WikiStrinda article ID,3
http://www.wikidata.org/prop/direct/P10469,HaBima Archive person ID,3
http://www.wikidata.org/prop/direct/P10540,TASS Encyclopedia person ID,3
http://www.wikidata.org/prop/direct/P10849,Beamish peerage database person ID,3
http://www.wikidata.org/prop/direct/P10882,Met Constituent ID,3
http://www.wikidata.org/prop/direct/P11345,Cinematografo.it name or company ID (new),3
http://www.wikidata.org/prop/direct/P11408,Pixiv Encyclopedia ID,3
http://www.wikidata.org/prop/direct/P11831,Alabama Authors ID,3
http://www.wikidata.org/prop/direct/P12173,Newman Numismatics Portal ID,3
http://www.wikidata.org/prop/direct/P12935,Illinois Center for the Book author ID,3
http://www.wikidata.org/prop/direct/P13306,Oorlogsbronnen ID,3
http://www.wikidata.org/prop/direct/P51,audio,2
http://www.wikidata.org/prop/direct/P66,ancestral home,2
http://www.wikidata.org/prop/direct/P552,handedness,2
http://www.wikidata.org/prop/direct/P708,diocese,2
http://www.wikidata.org/prop/direct/P746,date of disappearance,2
http://www.wikidata.org/prop/direct/P998,Curlie ID,2
http://www.wikidata.org/prop/direct/P1003,National Library of Romania ID,2
http://www.wikidata.org/prop/direct/P1048,NCL ID,2
http://www.wikidata.org/prop/direct/P1149,Library of Congress Classification,2
http://www.wikidata.org/prop/direct/P1229,Openpolis ID,2
http://www.wikidata.org/prop/direct/P1260,Swedish Open Cultural Heritage URI,2
http://www.wikidata.org/prop/direct/P1347,military casualty classification,2
http://www.wikidata.org/prop/direct/P1447,Sports-Reference.com Olympic athlete ID (archived),2
http://www.wikidata.org/prop/direct/P1441,present in work,2
http://www.wikidata.org/prop/direct/P1552,has characteristic,2
http://www.wikidata.org/prop/direct/P1635,religious name,2
http://www.wikidata.org/prop/direct/P1710,Sächsische Biografie (GND) ID,2
http://www.wikidata.org/prop/direct/P1853,blood type,2
http://www.wikidata.org/prop/direct/P1942,McCune–Reischauer romanization,2
http://www.wikidata.org/prop/direct/P1986,Treccani's Biographical Dictionary of Italian People ID,2
http://www.wikidata.org/prop/direct/P2001,Revised Romanization,2
http://www.wikidata.org/prop/direct/P2021,Erdős number,2
http://www.wikidata.org/prop/direct/P2016,Catalogus Professorum Academiae Groninganae ID,2
http://www.wikidata.org/prop/direct/P2383,CTHS person ID,2
http://www.wikidata.org/prop/direct/P2456,DBLP author ID,2
http://www.wikidata.org/prop/direct/P2561,name,2
http://www.wikidata.org/prop/direct/P2572,hashtag,2
http://www.wikidata.org/prop/direct/P2652,partnership with,2
http://www.wikidata.org/prop/direct/P2688,Box Office Mojo person ID (archived),2
http://www.wikidata.org/prop/direct/P2753,Dictionary of Canadian Biography ID,2
http://www.wikidata.org/prop/direct/P2830,Online World of Wrestling ID,2
http://www.wikidata.org/prop/direct/P2862,Catalogus Professorum Academiae Rheno-Traiectinae ID,2
http://www.wikidata.org/prop/direct/P2888,exact match,2
http://www.wikidata.org/prop/direct/P2930,INSPIRE-HEP author ID,2
http://www.wikidata.org/prop/direct/P3144,elFilm person ID,2
http://www.wikidata.org/prop/direct/P3171,Olympic.org athlete ID (archived),2
http://www.wikidata.org/prop/direct/P3267,Flickr user ID,2
http://www.wikidata.org/prop/direct/P3413,Leopoldina member ID (superseded),2
http://www.wikidata.org/prop/direct/P3448,stepparent,2
http://www.wikidata.org/prop/direct/P3509,Dagens Nyheter topic ID,2
http://www.wikidata.org/prop/direct/P3733,MOOMA artist ID,2
http://www.wikidata.org/prop/direct/P3828,wears,2
http://www.wikidata.org/prop/direct/P3845,TV Guide person ID (former scheme),2
http://www.wikidata.org/prop/direct/P3909,last words,2
http://www.wikidata.org/prop/direct/P3933,Cinema.de ID,2
http://www.wikidata.org/prop/direct/P4114,ADK member ID,2
http://www.wikidata.org/prop/direct/P4112,danskfilmogtv person ID,2
http://www.wikidata.org/prop/direct/P4206,FOIH person ID,2
http://www.wikidata.org/prop/direct/P4252,All-Russian Mathematical Portal ID,2
http://www.wikidata.org/prop/direct/P4438,"BFI Films, TV and people ID",2
http://www.wikidata.org/prop/direct/P4515,Prisma ID,2
http://www.wikidata.org/prop/direct/P4553,RA Collections ID,2
http://www.wikidata.org/prop/direct/P4687,Dictionnaire des peintres belges ID,2
http://www.wikidata.org/prop/direct/P4813,PARES ID,2
http://www.wikidata.org/prop/direct/P5101,Swedish Literature Bank Author ID,2
http://www.wikidata.org/prop/direct/P5233,Filmow ID,2
http://www.wikidata.org/prop/direct/P5324,Swedish National Archive reference code,2
http://www.wikidata.org/prop/direct/P5380,National Academy of Sciences member ID,2
http://www.wikidata.org/prop/direct/P5394,Poets & Writers author ID,2
http://www.wikidata.org/prop/direct/P5392,Poetry Archive poet ID,2
http://www.wikidata.org/prop/direct/P5414,The Paris Review interviewee ID,2
http://www.wikidata.org/prop/direct/P5415,Whonamedit? doctor ID,2
http://www.wikidata.org/prop/direct/P5441,Encyclopaedia Herder person ID,2
http://www.wikidata.org/prop/direct/P5478,RPO poet ID,2
http://www.wikidata.org/prop/direct/P5491,BD Gest' author ID,2
http://www.wikidata.org/prop/direct/P5503,Poetry Society of America poet ID,2
http://www.wikidata.org/prop/direct/P5614,Aosdána ID,2
http://www.wikidata.org/prop/direct/P5609,Split This Rock poet ID,2
http://www.wikidata.org/prop/direct/P5637,CNL author ID,2
http://www.wikidata.org/prop/direct/P5645,Académie française award winner ID,2
http://www.wikidata.org/prop/direct/P5719,National Medal of Arts winner ID,2
http://www.wikidata.org/prop/direct/P5801,Academia.edu topic ID,2
http://www.wikidata.org/prop/direct/P5815,Olympics.com athlete ID,2
http://www.wikidata.org/prop/direct/P6002,WikiArt ID,2
http://www.wikidata.org/prop/direct/P6119,Letterboxd actor ID,2
http://www.wikidata.org/prop/direct/P6194,Austrian Biographical Encyclopedia ID,2
http://www.wikidata.org/prop/direct/P6264,Harvard Index of Botanists ID,2
http://www.wikidata.org/prop/direct/P6276,Amazon Music artist ID,2
http://www.wikidata.org/prop/direct/P6283,MNopedia ID,2
http://www.wikidata.org/prop/direct/P6302,Dictionnaire de spiritualité ID,2
http://www.wikidata.org/prop/direct/P6412,Gran Enciclopèdia de la Música ID,2
http://www.wikidata.org/prop/direct/P6603,film-documentaire.fr author ID,2
http://www.wikidata.org/prop/direct/P6616,Library of Parliament of Canada person ID,2
http://www.wikidata.org/prop/direct/P6637,AWARE ID,2
http://www.wikidata.org/prop/direct/P6714,Whitney Museum of American Art artist ID,2
http://www.wikidata.org/prop/direct/P6715,SIUSA archive producer person ID,2
http://www.wikidata.org/prop/direct/P6734,Archaeology Data Service person ID,2
http://www.wikidata.org/prop/direct/P6817,SVT Play ID,2
http://www.wikidata.org/prop/direct/P6870,Latvian National Encyclopedia Online ID,2
http://www.wikidata.org/prop/direct/P6874,Musixmatch artist ID,2
http://www.wikidata.org/prop/direct/P6900,NicoNicoPedia ID,2
http://www.wikidata.org/prop/direct/P6944,Bionomia ID,2
http://www.wikidata.org/prop/direct/P6984,Rupa Publications author ID,2
http://www.wikidata.org/prop/direct/P7284,The Independent topic ID,2
http://www.wikidata.org/prop/direct/P7498,Women Film Pioneers ID,2
http://www.wikidata.org/prop/direct/P7507,Ben Yehuda author ID,2
http://www.wikidata.org/prop/direct/P7520,Filmový přehled person or company ID,2
http://www.wikidata.org/prop/direct/P7638,OverDrive creator ID,2
http://www.wikidata.org/prop/direct/P7646,IISG ID,2
http://www.wikidata.org/prop/direct/P7685,CALS Encyclopedia of Arkansas ID,2
http://www.wikidata.org/prop/direct/P7839,Saregama artist ID,2
http://www.wikidata.org/prop/direct/P7848,Frick Art Research Library Artist File ID,2
http://www.wikidata.org/prop/direct/P7977,AncientFaces person ID,2
http://www.wikidata.org/prop/direct/P8007,US Bureau of Prisons Inmate Register Number,2
http://www.wikidata.org/prop/direct/P8207,The Conversation author ID,2
http://www.wikidata.org/prop/direct/P8219,ASUT ID,2
http://www.wikidata.org/prop/direct/P8238,Bibliography of the History of Slovakia ID,2
http://www.wikidata.org/prop/direct/P8235,LiederNet composer ID,2
http://www.wikidata.org/prop/direct/P8269,Norwegian prisoner register person ID,2
http://www.wikidata.org/prop/direct/P8295,AustLit ID,2
http://www.wikidata.org/prop/direct/P8317,Philadelphia Museum of Art entity ID,2
http://www.wikidata.org/prop/direct/P8334,MuseScore artist ID,2
http://www.wikidata.org/prop/direct/P8578,TracesOfWar person ID,2
http://www.wikidata.org/prop/direct/P8728,Nachlässe in Austria ID,2
http://www.wikidata.org/prop/direct/P8748,Rheinland-Pfälzische Personendatenbank (GND) ID,2
http://www.wikidata.org/prop/direct/P8848,CONOR.AL ID,2
http://www.wikidata.org/prop/direct/P9054,National Historic People ID,2
http://www.wikidata.org/prop/direct/P9113,Patrinum ID,2
http://www.wikidata.org/prop/direct/P9164,Svenska Institutet i Rom ID,2
http://www.wikidata.org/prop/direct/P9226,ARAE ID,2
http://www.wikidata.org/prop/direct/P9232,Obituaries Australia ID,2
http://www.wikidata.org/prop/direct/P9267,ANPI person numeric ID,2
http://www.wikidata.org/prop/direct/P9289,Filmitalia person ID,2
http://www.wikidata.org/prop/direct/P9459,Rekhta author ID,2
http://www.wikidata.org/prop/direct/P9466,Gyldendals Teaterleksikon ID,2
http://www.wikidata.org/prop/direct/P9671,Bundesstiftung Aufarbeitung person ID,2
http://www.wikidata.org/prop/direct/P9710,Lexikon Westfälischer Autorinnen und Autoren person ID,2
http://www.wikidata.org/prop/direct/P9786,Joods Biografisch Woordenboek ID,2
http://www.wikidata.org/prop/direct/P10020,Parliament of Australia MP ID,2
http://www.wikidata.org/prop/direct/P10052,Vokrug.tv person ID,2
http://www.wikidata.org/prop/direct/P10299,Leopoldina member ID (new),2
http://www.wikidata.org/prop/direct/P10307,CYT/CCS,2
http://www.wikidata.org/prop/direct/P10524,Zvuk artist ID,2
http://www.wikidata.org/prop/direct/P10706,DACS ID (2022),2
http://www.wikidata.org/prop/direct/P10704,Biographical Memoirs of Fellows of the Royal Society ID,2
http://www.wikidata.org/prop/direct/P10820,Kino.mail.ru person ID,2
http://www.wikidata.org/prop/direct/P10844,Teresianum authority ID,2
http://www.wikidata.org/prop/direct/P11146,collection items at,2
http://www.wikidata.org/prop/direct/P11173,UWIND ID,2
http://www.wikidata.org/prop/direct/P11188,Conspiracy Watch ID,2
http://www.wikidata.org/prop/direct/P11621,Hungarian National Namespace person ID (new),2
http://www.wikidata.org/prop/direct/P11928,Virksomme ord ID,2
http://www.wikidata.org/prop/direct/P12003,ANPI person ID,2
http://www.wikidata.org/prop/direct/P12354,Great American Business Leaders of the 20th Century ID,2
http://www.wikidata.org/prop/direct/P12361,Bluesky handle,2
http://www.wikidata.org/prop/direct/P12627,British Comedy Guide person ID,2
http://www.wikidata.org/prop/direct/P12637,The Oxford Encyclopedia of Islam and Women ID,2
http://www.wikidata.org/prop/direct/P12902,Women in Resistance ID,2
http://www.wikidata.org/prop/direct/P118,league or competition,1
http://www.wikidata.org/prop/direct/P112,founded by,1
http://www.wikidata.org/prop/direct/P195,collection,1
http://www.wikidata.org/prop/direct/P413,position played on team / speciality,1
http://www.wikidata.org/prop/direct/P428,botanist author abbreviation,1
http://www.wikidata.org/prop/direct/P488,chairperson,1
http://www.wikidata.org/prop/direct/P547,commemorates,1
http://www.wikidata.org/prop/direct/P553,website account on,1
http://www.wikidata.org/prop/direct/P586,IPNI author ID,1
http://www.wikidata.org/prop/direct/P640,Léonore ID,1
http://www.wikidata.org/prop/direct/P724,Internet Archive ID,1
http://www.wikidata.org/prop/direct/P812,academic major,1
http://www.wikidata.org/prop/direct/P951,NSZL (VIAF) ID,1
http://www.wikidata.org/prop/direct/P1019,web feed URL,1
http://www.wikidata.org/prop/direct/P1035,honorific suffix,1
http://www.wikidata.org/prop/direct/P1053,ResearcherID,1
http://www.wikidata.org/prop/direct/P1065,archive URL,1
http://www.wikidata.org/prop/direct/P835,author citation (zoology),1
http://www.wikidata.org/prop/direct/P841,feast day,1
http://www.wikidata.org/prop/direct/P860,e-archiv.li ID,1
http://www.wikidata.org/prop/direct/P898,IPA transcription,1
http://www.wikidata.org/prop/direct/P1138,Kunstindeks Danmark Artist ID,1
http://www.wikidata.org/prop/direct/P1146,World Athletics athlete ID,1
http://www.wikidata.org/prop/direct/P1245,OmegaWiki Defined Meaning,1
http://www.wikidata.org/prop/direct/P1269,facet of,1
http://www.wikidata.org/prop/direct/P1287,Komponisten der Gegenwart ID,1
http://www.wikidata.org/prop/direct/P1285,Munzinger Sport number,1
http://www.wikidata.org/prop/direct/P1317,floruit,1
http://www.wikidata.org/prop/direct/P1321,municipal affiliation of a Swiss national,1
http://www.wikidata.org/prop/direct/P1366,replaced by,1
http://www.wikidata.org/prop/direct/P1367,Art UK artist ID,1
http://www.wikidata.org/prop/direct/P1455,list of works,1
http://www.wikidata.org/prop/direct/P1543,monogram,1
http://www.wikidata.org/prop/direct/P1565,Enciclopedia de la Literatura en México ID,1
http://www.wikidata.org/prop/direct/P1601,Esperantist ID,1
http://www.wikidata.org/prop/direct/P1636,date of baptism,1
http://www.wikidata.org/prop/direct/P1707,Design & Art Australia Online ID,1
http://www.wikidata.org/prop/direct/P1713,biography at the Bundestag of Germany URL,1
http://www.wikidata.org/prop/direct/P1766,place name sign,1
http://www.wikidata.org/prop/direct/P1795,Smithsonian American Art Museum person/institution ID,1
http://www.wikidata.org/prop/direct/P2041,National Gallery of Victoria artist ID,1
http://www.wikidata.org/prop/direct/P1950,second family name in Spanish name,1
http://www.wikidata.org/prop/direct/P1989,Encyclopaedia Metallum artist ID,1
http://www.wikidata.org/prop/direct/P1997,Facebook location ID,1
http://www.wikidata.org/prop/direct/P2006,ZooBank author ID,1
http://www.wikidata.org/prop/direct/P2000,CPDL ID,1
http://www.wikidata.org/prop/direct/P2180,Kansallisbiografia ID,1
http://www.wikidata.org/prop/direct/P2268,Musée d'Orsay artist ID,1
http://www.wikidata.org/prop/direct/P2277,Magdeburger Biographisches Lexikon ID,1
http://www.wikidata.org/prop/direct/P2342,AGORHA person/institution ID,1
http://www.wikidata.org/prop/direct/P2354,has list,1
http://www.wikidata.org/prop/direct/P2416,sports discipline competed in,1
http://www.wikidata.org/prop/direct/P2471,Models.com person ID,1
http://www.wikidata.org/prop/direct/P2485,FMD photographer ID,1
http://www.wikidata.org/prop/direct/P2481,Elite Prospects player ID,1
http://www.wikidata.org/prop/direct/P2538,Nationalmuseum Sweden ID,1
http://www.wikidata.org/prop/direct/P2558,autores.uy ID,1
http://www.wikidata.org/prop/direct/P2613,TED talk ID,1
http://www.wikidata.org/prop/direct/P2728,CageMatch worker ID,1
http://www.wikidata.org/prop/direct/P2741,Tate artist ID,1
http://www.wikidata.org/prop/direct/P2764,Wrestlingdata person ID,1
http://www.wikidata.org/prop/direct/P2829,Internet Wrestling Database ID,1
http://www.wikidata.org/prop/direct/P2857,WWE superstar ID,1
http://www.wikidata.org/prop/direct/P2886,Shakeosphere person ID,1
http://www.wikidata.org/prop/direct/P2977,LBT person ID,1
http://www.wikidata.org/prop/direct/P3055,NAQ elected person ID,1
http://www.wikidata.org/prop/direct/P3133,NSZL name authority ID,1
http://www.wikidata.org/prop/direct/P3217,Dictionary of Swedish National Biography ID,1
http://www.wikidata.org/prop/direct/P3226,HAS member ID,1
http://www.wikidata.org/prop/direct/P3233,PhilPeople profile,1
http://www.wikidata.org/prop/direct/P3258,LiveJournal ID,1
http://www.wikidata.org/prop/direct/P3325,student register of the University of Helsinki ID (1853–1899),1
http://www.wikidata.org/prop/direct/P3341,Kvikmyndir person ID,1
http://www.wikidata.org/prop/direct/P3468,National Inventors Hall of Fame ID,1
http://www.wikidata.org/prop/direct/P3479,Omni topic ID,1
http://www.wikidata.org/prop/direct/P3560,College Football Data Warehouse ID,1
http://www.wikidata.org/prop/direct/P3703,JMDb person or company ID,1
http://www.wikidata.org/prop/direct/P3696,Sports Reference college basketball player ID,1
http://www.wikidata.org/prop/direct/P3721,public key fingerprint,1
http://www.wikidata.org/prop/direct/P3786,Danskefilm person ID,1
http://www.wikidata.org/prop/direct/P3807,S2A3 Biographical Database ID,1
http://www.wikidata.org/prop/direct/P3812,Elle.fr person ID,1
http://www.wikidata.org/prop/direct/P3829,Publons author ID,1
http://www.wikidata.org/prop/direct/P3836,Pinterest username,1
http://www.wikidata.org/prop/direct/P3884,Tilastopaja male athlete ID,1
http://www.wikidata.org/prop/direct/P3906,Ishim ID,1
http://www.wikidata.org/prop/direct/P3913,MobyGames person ID,1
http://www.wikidata.org/prop/direct/P3943,Tumblr username,1
http://www.wikidata.org/prop/direct/P3956,National Academy of Medicine (France) member ID,1
http://www.wikidata.org/prop/direct/P4015,Vimeo ID,1
http://www.wikidata.org/prop/direct/P4138,Treasury of Lives ID,1
http://www.wikidata.org/prop/direct/P4145,Athenaeum person ID,1
http://www.wikidata.org/prop/direct/P4283,LUMIERE director ID,1
http://www.wikidata.org/prop/direct/P4300,YouTube playlist ID,1
http://www.wikidata.org/prop/direct/P4326,BFI Filmography person ID,1
http://www.wikidata.org/prop/direct/P4175,Patreon ID,1
http://www.wikidata.org/prop/direct/P4180,GujLit person ID,1
http://www.wikidata.org/prop/direct/P4177,Finnish National Gallery artist ID,1
http://www.wikidata.org/prop/direct/P4204,The Times of India topic ID,1
http://www.wikidata.org/prop/direct/P4215,nLab ID,1
http://www.wikidata.org/prop/direct/P4255,Banglapedia ID (English),1
http://www.wikidata.org/prop/direct/P4369,Cairn author ID,1
http://www.wikidata.org/prop/direct/P4456,Internet Off-Broadway Database ID (former scheme),1
http://www.wikidata.org/prop/direct/P4473,Melon artist ID,1
http://www.wikidata.org/prop/direct/P4490,Team GB athlete ID,1
http://www.wikidata.org/prop/direct/P4556,FAI ID,1
http://www.wikidata.org/prop/direct/P4590,Atomic Heritage Foundation ID,1
http://www.wikidata.org/prop/direct/P4601,Lives of WWI ID,1
http://www.wikidata.org/prop/direct/P4682,Eldoblaje original actor ID,1
http://www.wikidata.org/prop/direct/P4768,cinematografo.it name or company ID,1
http://www.wikidata.org/prop/direct/P4928,Ricorso author ID,1
http://www.wikidata.org/prop/direct/P4781,MYmovies director ID (former scheme),1
http://www.wikidata.org/prop/direct/P4779,MYmovies actor ID (former scheme),1
http://www.wikidata.org/prop/direct/P4785,MYmovies name ID (former scheme),1
http://www.wikidata.org/prop/direct/P5021,assessment,1
http://www.wikidata.org/prop/direct/P5035,Lambiek Comiclopedia artist ID,1
http://www.wikidata.org/prop/direct/P5088,Internet Encyclopedia of Philosophy ID,1
http://www.wikidata.org/prop/direct/P5121,All About Jazz musician ID,1
http://www.wikidata.org/prop/direct/P5145,Bugs! artist ID,1
http://www.wikidata.org/prop/direct/P5154,KKBox artist ID,1
http://www.wikidata.org/prop/direct/P5184,Daum Encyclopedia ID,1
http://www.wikidata.org/prop/direct/P5239,Artists in Canada record number,1
http://www.wikidata.org/prop/direct/P5243,Canal-U person ID,1
http://www.wikidata.org/prop/direct/P5259,Swedish Gravestone ID,1
http://www.wikidata.org/prop/direct/P5291,Taratata artist ID,1
http://www.wikidata.org/prop/direct/P5319,César Award person ID,1
http://www.wikidata.org/prop/direct/P5368,National Gallery of Canada artist ID,1
http://www.wikidata.org/prop/direct/P5378,Akadem person ID (former scheme),1
http://www.wikidata.org/prop/direct/P5377,Étonnants voyageurs participant ID,1
http://www.wikidata.org/prop/direct/P5430,Poetry International Web poet ID,1
http://www.wikidata.org/prop/direct/P5469,Latter-day Saint Literature database artist ID,1
http://www.wikidata.org/prop/direct/P5508,archINFORM person/group ID,1
http://www.wikidata.org/prop/direct/P5506,Poetry In Voice poet ID,1
http://www.wikidata.org/prop/direct/P5597,Artcyclopedia artist ID,1
http://www.wikidata.org/prop/direct/P5613,Bibliothèque de la Pléiade ID,1
http://www.wikidata.org/prop/direct/P5640,Read NZ Te Pou Muramura writer ID,1
http://www.wikidata.org/prop/direct/P5641,PRELIB person ID,1
http://www.wikidata.org/prop/direct/P5710,Recours au poème ID,1
http://www.wikidata.org/prop/direct/P5749,Amazon Standard Identification Number,1
http://www.wikidata.org/prop/direct/P5797,Twitch username,1
http://www.wikidata.org/prop/direct/P5859,Adelphi author ID,1
http://www.wikidata.org/prop/direct/P5870,Northern Ireland Assembly ID,1
http://www.wikidata.org/prop/direct/P5871,Norwegian war refugees register ID,1
http://www.wikidata.org/prop/direct/P5908,Geheugen van de VU person ID,1
http://www.wikidata.org/prop/direct/P5951,ComiXology creator ID,1
http://www.wikidata.org/prop/direct/P6015,Handbook of Texas ID,1
http://www.wikidata.org/prop/direct/P6016,Tennessee Encyclopedia ID,1
http://www.wikidata.org/prop/direct/P6059,Biographie vosgienne ID,1
http://www.wikidata.org/prop/direct/P6213,UK Parliament ID,1
http://www.wikidata.org/prop/direct/P6228,OesterreichWiki ID,1
http://www.wikidata.org/prop/direct/P6295,ARTIC artist ID,1
http://www.wikidata.org/prop/direct/P6371,Archives of Maryland Biographical Series ID,1
http://www.wikidata.org/prop/direct/P6520,Lokalhistoriewiki.no article ID,1
http://www.wikidata.org/prop/direct/P6559,Official Charts artist ID,1
http://www.wikidata.org/prop/direct/P6677,OpenEdition Books author ID,1
http://www.wikidata.org/prop/direct/P6758,supported sports team,1
http://www.wikidata.org/prop/direct/P6762,FilmFreeway ID,1
http://www.wikidata.org/prop/direct/P6781,ProofWiki ID,1
http://www.wikidata.org/prop/direct/P6815,University of Amsterdam Album Academicum ID,1
http://www.wikidata.org/prop/direct/P6849,DR topic ID,1
http://www.wikidata.org/prop/direct/P6903,ArtBrokerage artist ID,1
http://www.wikidata.org/prop/direct/P6918,hitparade.ch artist ID,1
http://www.wikidata.org/prop/direct/P6917,Historical Archives of the European Union ID,1
http://www.wikidata.org/prop/direct/P6914,Gaana artist ID,1
http://www.wikidata.org/prop/direct/P6912,Equipboard artist ID,1
http://www.wikidata.org/prop/direct/P6927,NME artist ID,1
http://www.wikidata.org/prop/direct/P6923,Moov artist ID,1
http://www.wikidata.org/prop/direct/P6988,Hungarian National Namespace person ID (old),1
http://www.wikidata.org/prop/direct/P7050,Album of the Year artist ID,1
http://www.wikidata.org/prop/direct/P7070,Musixmatch writer ID,1
http://www.wikidata.org/prop/direct/P7119,AMPAS collections person ID,1
http://www.wikidata.org/prop/direct/P7142,Poincaré Papers person ID,1
http://www.wikidata.org/prop/direct/P7140,München Wiki article ID,1
http://www.wikidata.org/prop/direct/P7157,The Top Tens ID,1
http://www.wikidata.org/prop/direct/P7189,Mora Artist ID,1
http://www.wikidata.org/prop/direct/P7187,Jango artist ID,1
http://www.wikidata.org/prop/direct/P7198,RauteMusik artist ID,1
http://www.wikidata.org/prop/direct/P7196,musica.com artist ID,1
http://www.wikidata.org/prop/direct/P7275,Naver VIBE artist ID,1
http://www.wikidata.org/prop/direct/P7356,DC Books author ID,1
http://www.wikidata.org/prop/direct/P7353,NTS Radio artist ID,1
http://www.wikidata.org/prop/direct/P7433,FantLab author ID,1
http://www.wikidata.org/prop/direct/P7445,Basis Wien person ID,1
http://www.wikidata.org/prop/direct/P7449,NARCIS researcher ID,1
http://www.wikidata.org/prop/direct/P7474,Online Cenotaph ID,1
http://www.wikidata.org/prop/direct/P7506,Naver Encyclopedia ID,1
http://www.wikidata.org/prop/direct/P7504,Jeugdliteratuur ID,1
http://www.wikidata.org/prop/direct/P7522,SK cinema authority ID,1
http://www.wikidata.org/prop/direct/P7553,Sinemalar person ID,1
http://www.wikidata.org/prop/direct/P7574,Swedish Royal Theater Archive,1
http://www.wikidata.org/prop/direct/P7580,AboutTheArtists artist ID,1
http://www.wikidata.org/prop/direct/P7613,Biblioteche dei filosofi ID,1
http://www.wikidata.org/prop/direct/P7663,Scienza a due voci ID,1
http://www.wikidata.org/prop/direct/P7682,National Library of New Zealand ID,1
http://www.wikidata.org/prop/direct/P7697,Maine: An Encyclopedia ID,1
http://www.wikidata.org/prop/direct/P7709,ScienceOpen author ID,1
http://www.wikidata.org/prop/direct/P7717,Vaare falne ID,1
http://www.wikidata.org/prop/direct/P7753,Projekt Gutenberg-DE author ID,1
http://www.wikidata.org/prop/direct/P7815,textove.com artist ID,1
http://www.wikidata.org/prop/direct/P7836,Livelib.ru person ID,1
http://www.wikidata.org/prop/direct/P7886,Media Arts Database ID,1
http://www.wikidata.org/prop/direct/P7898,National Aviation Hall of Fame ID,1
http://www.wikidata.org/prop/direct/P7918,Médias 19 ID,1
http://www.wikidata.org/prop/direct/P7934,Irish playography person ID,1
http://www.wikidata.org/prop/direct/P7944,DoME artist ID,1
http://www.wikidata.org/prop/direct/P8037,Filmfront person ID (archived),1
http://www.wikidata.org/prop/direct/P8172,Sejm-Wielki.pl profile ID,1
http://www.wikidata.org/prop/direct/P8292,AusStage person ID,1
http://www.wikidata.org/prop/direct/P8290,Archivio Storico Ricordi person ID,1
http://www.wikidata.org/prop/direct/P8367,Legacy.com person ID,1
http://www.wikidata.org/prop/direct/P8511,Fototeka person ID,1
http://www.wikidata.org/prop/direct/P8504,Science Fiction Awards Database author ID,1
http://www.wikidata.org/prop/direct/P8534,SPLC individual ID,1
http://www.wikidata.org/prop/direct/P8547,BHF author ID,1
http://www.wikidata.org/prop/direct/P8569,YIVO Encyclopedia of Jews in Eastern Europe ID,1
http://www.wikidata.org/prop/direct/P8590,Jewish Encyclopedia ID,1
http://www.wikidata.org/prop/direct/P8589,Carl-Maria-von-Weber-Gesamtausgabe ID,1
http://www.wikidata.org/prop/direct/P8585,FIPRESCI person ID,1
http://www.wikidata.org/prop/direct/P8637,L'Officiel des spectacles ID,1
http://www.wikidata.org/prop/direct/P8669,Encyclopaedia Beliana ID,1
http://www.wikidata.org/prop/direct/P8672,X topic ID,1
http://www.wikidata.org/prop/direct/P8686,Biographical Dictionary of Fourierism ID,1
http://www.wikidata.org/prop/direct/P8713,Stadtwiki Dresden article,1
http://www.wikidata.org/prop/direct/P8783,AAGM person or institution ID,1
http://www.wikidata.org/prop/direct/P8777,NCAA Statistics coach ID,1
http://www.wikidata.org/prop/direct/P8805,LIMIS person ID,1
http://www.wikidata.org/prop/direct/P8826,edition humboldt digital ID,1
http://www.wikidata.org/prop/direct/P8839,hairstyle / hairlength,1
http://www.wikidata.org/prop/direct/P8832,PAN member,1
http://www.wikidata.org/prop/direct/P8854,Salzburgwiki ID,1
http://www.wikidata.org/prop/direct/P8895,All the Tropes article ID,1
http://www.wikidata.org/prop/direct/P8944,Archivio dei possessori ID,1
http://www.wikidata.org/prop/direct/P8969,CINE21 person ID,1
http://www.wikidata.org/prop/direct/P8999,Lexikon zum Literatur- und Kulturbetrieb im Österreich der Zwischenkriegszeit ID,1
http://www.wikidata.org/prop/direct/P9044,GEPRIS Historisch person ID,1
http://www.wikidata.org/prop/direct/P9049,ICCD agent ID,1
http://www.wikidata.org/prop/direct/P9102,CineFanRo person ID,1
http://www.wikidata.org/prop/direct/P9129,Data Collection of the Hungarian Peerage ID,1
http://www.wikidata.org/prop/direct/P9163,Obrazi slovenskih pokrajin ID,1
http://www.wikidata.org/prop/direct/P9181,Germanistenverzeichnis ID,1
http://www.wikidata.org/prop/direct/P9287,Cyprus Bibliography ID,1
http://www.wikidata.org/prop/direct/P9285,Stadtlexikon Karlsruhe ID,1
http://www.wikidata.org/prop/direct/P9307,Fancyclopedia 3 ID,1
http://www.wikidata.org/prop/direct/P9304,Encyclopedia of Melbourne ID,1
http://www.wikidata.org/prop/direct/P9324,BiographySampo person ID,1
http://www.wikidata.org/prop/direct/P9469,Singers.com ID,1
http://www.wikidata.org/prop/direct/P9510,Forbes Russia profile ID,1
http://www.wikidata.org/prop/direct/P9545,Encyclopedia of China (Second Edition) ID,1
http://www.wikidata.org/prop/direct/P9556,LTit person ID,1
http://www.wikidata.org/prop/direct/P9575,Australian Music Centre artist ID,1
http://www.wikidata.org/prop/direct/P9621,Treccani's Enciclopedia della Matematica ID,1
http://www.wikidata.org/prop/direct/P9642,Olschki author ID,1
http://www.wikidata.org/prop/direct/P9640,PAS member ID,1
http://www.wikidata.org/prop/direct/P9670,ZKM person ID,1
http://www.wikidata.org/prop/direct/P9694,VK Music artist ID,1
http://www.wikidata.org/prop/direct/P9692,LexM ID,1
http://www.wikidata.org/prop/direct/P9713,Swedish National Archive agent ID,1
http://www.wikidata.org/prop/direct/P9756,Schoenberg Database of Manuscripts name ID,1
http://www.wikidata.org/prop/direct/P9768,Women Also Know History ID,1
http://www.wikidata.org/prop/direct/P9791,ASEE person ID,1
http://www.wikidata.org/prop/direct/P9852,Media Bias/Fact Check ID,1
http://www.wikidata.org/prop/direct/P9871,INAPP author ID,1
http://www.wikidata.org/prop/direct/P9864,Télé-Loisirs ID,1
http://www.wikidata.org/prop/direct/P9937,Postimees topic ID,1
http://www.wikidata.org/prop/direct/P9956,IRIS Sapienza author ID,1
http://www.wikidata.org/prop/direct/P9975,Vokrug sveta article ID,1
http://www.wikidata.org/prop/direct/P10006,AllSides ID,1
http://www.wikidata.org/prop/direct/P10012,NSW Parliament member ID,1
http://www.wikidata.org/prop/direct/P10149,Original Esperanto Literature author ID,1
http://www.wikidata.org/prop/direct/P10166,Kinobaza person ID,1
http://www.wikidata.org/prop/direct/P10163,Kinomania.ru actor ID,1
http://www.wikidata.org/prop/direct/P10180,Genie artist ID,1
http://www.wikidata.org/prop/direct/P10189,Bloomsbury Fashion Central ID,1
http://www.wikidata.org/prop/direct/P10194,oKino.ua actor ID,1
http://www.wikidata.org/prop/direct/P10235,LocalWiki ID,1
http://www.wikidata.org/prop/direct/P10252,Digital Mechanism and Gear Library ID,1
http://www.wikidata.org/prop/direct/P10283,OpenAlex ID,1
http://www.wikidata.org/prop/direct/P10291,Wikisimpsons article ID,1
http://www.wikidata.org/prop/direct/P10305,StarHit ID,1
http://www.wikidata.org/prop/direct/P10337,doollee.com playwright ID,1
http://www.wikidata.org/prop/direct/P10410,QQ Music artist ID,1
http://www.wikidata.org/prop/direct/P10419,LastDodo-area-ID,1
http://www.wikidata.org/prop/direct/P10428,parliament.uk member ID,1
http://www.wikidata.org/prop/direct/P10445,NetEase Music artist ID,1
http://www.wikidata.org/prop/direct/P10518,ICCROM authority ID,1
http://www.wikidata.org/prop/direct/P10646,ARTEINFORMADO person ID,1
http://www.wikidata.org/prop/direct/P10699,FamousFix topic ID,1
http://www.wikidata.org/prop/direct/P10813,Proza.ru author ID,1
http://www.wikidata.org/prop/direct/P10895,Broadway World person ID,1
http://www.wikidata.org/prop/direct/P10900,Telmore Musik artist ID,1
http://www.wikidata.org/prop/direct/P11079,Linktree ID,1
http://www.wikidata.org/prop/direct/P11090,Boomplay artist ID,1
http://www.wikidata.org/prop/direct/P11152,Léonore Web ID,1
http://www.wikidata.org/prop/direct/P11193,Piraeus Bank Group Cultural Foundation Library (B) ID,1
http://www.wikidata.org/prop/direct/P11233,SciSpace author ID,1
http://www.wikidata.org/prop/direct/P11434,ComingSoon.it person ID,1
http://www.wikidata.org/prop/direct/P11454,Afisha person ID,1
http://www.wikidata.org/prop/direct/P11556,credits URL,1
http://www.wikidata.org/prop/direct/P11613,SACEM Museum artist ID,1
http://www.wikidata.org/prop/direct/P11818,Modern History Database person ID,1
http://www.wikidata.org/prop/direct/P11892,Threads username,1
http://www.wikidata.org/prop/direct/P12046,ADVN ID,1
http://www.wikidata.org/prop/direct/P12192,SWERIK ID,1
http://www.wikidata.org/prop/direct/P12214,Akadem person ID,1
http://www.wikidata.org/prop/direct/P12365,HistoryMakers Maker Directory ID,1
http://www.wikidata.org/prop/direct/P12426,Sundance Institute Archive person ID,1
http://www.wikidata.org/prop/direct/P12502,UCA authority ID,1
http://www.wikidata.org/prop/direct/P12599,arch2.iofe.center person ID,1
http://www.wikidata.org/prop/direct/P12595,National Library of Uruguay authority ID,1
http://www.wikidata.org/prop/direct/P12614,az.lib.ru author ID,1
http://www.wikidata.org/prop/direct/P12688,Jerusalem Film Cinematheque person ID,1
http://www.wikidata.org/prop/direct/P12880,Filmová databáze person ID,1
http://www.wikidata.org/prop/direct/P12936,Slekt og Data grave ID,1
http://www.wikidata.org/prop/direct/P13092,KISTI institute ID,1
http://www.wikidata.org/prop/direct/P13107,Monument Counter ID,1
http://www.wikidata.org/prop/direct/P13155,Reg-Arts artist ID,1
http://www.wikidata.org/prop/direct/P12975,Lexikon der Mathematik entry ID,1
http://www.wikidata.org/prop/direct/P12984,Stadtwiki Karlsruhe ID,1
http://www.wikidata.org/prop/direct/P13058,Madelen person ID,1
http://www.wikidata.org/prop/direct/P13227,Beaux-Arts ID,1
http://www.wikidata.org/prop/direct/P13239,Database of Canada's Early Women Writers ID,1
http://www.wikidata.org/prop/direct/P13280,University of Pécs Almanac ID,1
http://www.wikidata.org/prop/direct/P13300,New York Post topic ID,1
http://www.wikidata.org/prop/direct/P13311,Digital Scriptorium Catalog item ID,1
http://www.wikidata.org/prop/direct/P13337,domain name,1
http://www.wikidata.org/prop/direct/P13439,Helden van het Verzet person ID,1
http://www.wikidata.org/prop/direct/P13443,Congressional Medal of Honor Society recipient ID,1
http://www.wikidata.org/prop/direct/P13480,SearchCulture.gr ID,1
http://www.wikidata.org/prop/direct/P13565,Encyclopedia of the Serbian National Theatre ID,1
http://www.wikidata.org/prop/direct/P13573,Repertorium kleine politieke partijen 1918-1967 (Person),1
http://www.wikidata.org/prop/direct/P13568,Substack handle,1
http://www.wikidata.org/prop/direct/P13596,Polish Music Library PBM ID,1
http://www.wikidata.org/prop/direct/P13606,15min.lt theme ID,1
